messageFamily,originVersion,finalVersion,services,variantCount,maxXsdDelta,matchedCRs
acmt.015.001,acmt.015.001.04,acmt.015.001.05,COCOS; TIPS,2,6,T2-0170-SYS(11); T2-0156-UDFS(6); T2-0135-SYS(2); TIPS-0080-SYS(2); TIPS-0105-SYS(2)
camt.025.001,camt.025.001.07,camt.025.001.09,CLM; COCOS; ECMS; RTGS; T2S; TIPS,7,26,ECMS-0119-UDFS(11); ECMS-0120-UDFS(11); ECMS-0118-UDFS(6); ECMS-0127-URD(2); T2-0170-SYS(11); T2-0156-UDFS(6); T2-0135-SYS(2); T2S-0859-SYS(11); T2S-0843-SYS(6); T2S-0854-SYS(6); T2S-0798-URD(2); TIPS-0080-SYS(2); TIPS-0105-SYS(2)
camt.029.001,camt.029.001.13,camt.029.001.14,CLM; ECMS,2,44,ECMS-0119-UDFS(11); ECMS-0120-UDFS(11); ECMS-0118-UDFS(6); ECMS-0127-URD(2); T2-0170-SYS(11); T2-0156-UDFS(6); T2-0135-SYS(2)
camt.052.001,camt.052.001.12,camt.052.001.14,T2S; TIPS,2,16,T2S-0859-SYS(11); T2S-0843-SYS(6); T2S-0854-SYS(6); T2S-0798-URD(2); TIPS-0080-SYS(2); TIPS-0105-SYS(2)
camt.053.001,camt.053.001.12,camt.053.001.14,CLM; RTGS; T2S; TIPS,6,47,T2-0170-SYS(11); T2-0156-UDFS(6); T2-0135-SYS(2); T2S-0859-SYS(11); T2S-0843-SYS(6); T2S-0854-SYS(6); T2S-0798-URD(2); TIPS-0080-SYS(2); TIPS-0105-SYS(2)
camt.054.001,camt.054.001.12,camt.054.001.14,CLM; ECMS; RTGS; T2S; TIPS,5,2099,ECMS-0119-UDFS(11); ECMS-0120-UDFS(11); ECMS-0118-UDFS(6); ECMS-0127-URD(2); T2-0170-SYS(11); T2-0156-UDFS(6); T2-0135-SYS(2); T2S-0859-SYS(11); T2S-0843-SYS(6); T2S-0854-SYS(6); T2S-0798-URD(2); TIPS-0080-SYS(2); TIPS-0105-SYS(2)
camt.056.001,camt.056.001.11,camt.056.001.12,CLM; ECMS,2,121,ECMS-0119-UDFS(11); ECMS-0120-UDFS(11); ECMS-0118-UDFS(6); ECMS-0127-URD(2); T2-0170-SYS(11); T2-0156-UDFS(6); T2-0135-SYS(2)
pacs.002.001,pacs.002.001.14,pacs.002.001.16,CLM; ECMS,2,13,ECMS-0119-UDFS(11); ECMS-0120-UDFS(11); ECMS-0118-UDFS(6); ECMS-0127-URD(2); T2-0170-SYS(11); T2-0156-UDFS(6); T2-0135-SYS(2)
pacs.009.001,pacs.009.001.11,pacs.009.001.13,CLM; ECMS,2,11,ECMS-0119-UDFS(11); ECMS-0120-UDFS(11); ECMS-0118-UDFS(6); ECMS-0127-URD(2); T2-0170-SYS(11); T2-0156-UDFS(6); T2-0135-SYS(2)
reda.024.001,draft7reda.024.001.01,reda.024.001.01,COCOS,1,15,T2-0170-SYS(11); T2-0156-UDFS(6); T2-0135-SYS(2)
reda.025.001,draft5reda.025.001.01,reda.025.001.01,COCOS,1,23,T2-0170-SYS(11); T2-0156-UDFS(6); T2-0135-SYS(2)
reda.026.001,draft6reda.026.001.01,reda.026.001.01,COCOS,1,11,T2-0170-SYS(11); T2-0156-UDFS(6); T2-0135-SYS(2)
reda.027.001,draft7reda.027.001.01,reda.027.001.01,COCOS,1,11,T2-0170-SYS(11); T2-0156-UDFS(6); T2-0135-SYS(2)
reda.028.001,draft4reda.028.001.01,reda.028.001.01,COCOS,1,16,T2-0170-SYS(11); T2-0156-UDFS(6); T2-0135-SYS(2)
reda.044.001,draft3reda.044.001.01,reda.044.001.01,COCOS,1,13,T2-0170-SYS(11); T2-0156-UDFS(6); T2-0135-SYS(2)
reda.045.001,draft6reda.045.001.01,reda.045.001.01,COCOS,1,14,T2-0170-SYS(11); T2-0156-UDFS(6); T2-0135-SYS(2)
reda.046.001,draft6reda.046.001.01,reda.046.001.01,COCOS,1,8,T2-0170-SYS(11); T2-0156-UDFS(6); T2-0135-SYS(2)
reda.047.001,draft4reda.047.001.01,reda.047.001.01,COCOS,1,32,T2-0170-SYS(11); T2-0156-UDFS(6); T2-0135-SYS(2)
reda.049.001,draft2reda.049.001.01,reda.049.001.01,COCOS,1,21,T2-0170-SYS(11); T2-0156-UDFS(6); T2-0135-SYS(2)
reda.050.001,draft2reda.050.001.01,reda.050.001.01,COCOS,1,24,T2-0170-SYS(11); T2-0156-UDFS(6); T2-0135-SYS(2)
reda.051.001,draft2reda.051.001.01,reda.051.001.01,COCOS,1,25,T2-0170-SYS(11); T2-0156-UDFS(6); T2-0135-SYS(2)
reda.075.001,draft1reda.075.001.01,reda.075.001.01,COCOS,1,14,T2-0170-SYS(11); T2-0156-UDFS(6); T2-0135-SYS(2)
reda.077.001,draft1reda.077.001.01,reda.077.001.01,COCOS,1,11,T2-0170-SYS(11); T2-0156-UDFS(6); T2-0135-SYS(2)
semt.002.001,semt.002.001.11,semt.002.001.12,ECMS; T2S,2,27,ECMS-0119-UDFS(11); ECMS-0120-UDFS(11); ECMS-0118-UDFS(6); ECMS-0127-URD(2); T2S-0859-SYS(11); T2S-0843-SYS(6); T2S-0854-SYS(6); T2S-0798-URD(2)
semt.013.001,semt.013.001.06,semt.013.001.07,T2S,1,8,T2S-0859-SYS(11); T2S-0843-SYS(6); T2S-0854-SYS(6); T2S-0798-URD(2)
semt.014.001,semt.014.001.07,semt.014.001.09,T2S,1,51,T2S-0859-SYS(11); T2S-0843-SYS(6); T2S-0854-SYS(6); T2S-0798-URD(2)
semt.015.001,semt.015.001.09,semt.015.001.10,T2S,1,8,T2S-0859-SYS(11); T2S-0843-SYS(6); T2S-0854-SYS(6); T2S-0798-URD(2)
semt.016.001,semt.016.001.09,semt.016.001.10,T2S,1,14,T2S-0859-SYS(11); T2S-0843-SYS(6); T2S-0854-SYS(6); T2S-0798-URD(2)
semt.017.001,semt.017.001.12,semt.017.001.14,ECMS; T2S,2,60,ECMS-0119-UDFS(11); ECMS-0120-UDFS(11); ECMS-0118-UDFS(6); ECMS-0127-URD(2); T2S-0859-SYS(11); T2S-0843-SYS(6); T2S-0854-SYS(6); T2S-0798-URD(2)
semt.018.001,semt.018.001.13,semt.018.001.15,ECMS; T2S,2,69,ECMS-0119-UDFS(11); ECMS-0120-UDFS(11); ECMS-0118-UDFS(6); ECMS-0127-URD(2); T2S-0859-SYS(11); T2S-0843-SYS(6); T2S-0854-SYS(6); T2S-0798-URD(2)
semt.019.001,semt.019.001.10,semt.019.001.12,T2S,1,54,T2S-0859-SYS(11); T2S-0843-SYS(6); T2S-0854-SYS(6); T2S-0798-URD(2)
semt.022.001,semt.022.001.05,semt.022.001.07,T2S,1,46,T2S-0859-SYS(11); T2S-0843-SYS(6); T2S-0854-SYS(6); T2S-0798-URD(2)
sese.020.001,sese.020.001.07,sese.020.001.08,ECMS; T2S,2,50,ECMS-0119-UDFS(11); ECMS-0120-UDFS(11); ECMS-0118-UDFS(6); ECMS-0127-URD(2); T2S-0859-SYS(11); T2S-0843-SYS(6); T2S-0854-SYS(6); T2S-0798-URD(2)
sese.021.001,sese.021.001.06,sese.021.001.08,T2S,1,15,T2S-0859-SYS(11); T2S-0843-SYS(6); T2S-0854-SYS(6); T2S-0798-URD(2)
sese.022.001,sese.022.001.06,sese.022.001.08,T2S,1,5,T2S-0859-SYS(11); T2S-0843-SYS(6); T2S-0854-SYS(6); T2S-0798-URD(2)
sese.023.001,sese.023.001.11,sese.023.001.13,ECMS; T2S,2,153,ECMS-0119-UDFS(11); ECMS-0120-UDFS(11); ECMS-0118-UDFS(6); ECMS-0127-URD(2); T2S-0859-SYS(11); T2S-0843-SYS(6); T2S-0854-SYS(6); T2S-0798-URD(2)
sese.024.001,sese.024.001.12,sese.024.001.14,ECMS; T2S,2,54,ECMS-0119-UDFS(11); ECMS-0120-UDFS(11); ECMS-0118-UDFS(6); ECMS-0127-URD(2); T2S-0859-SYS(11); T2S-0843-SYS(6); T2S-0854-SYS(6); T2S-0798-URD(2)
sese.025.001,sese.025.001.11,sese.025.001.13,ECMS; T2S,2,71,ECMS-0119-UDFS(11); ECMS-0120-UDFS(11); ECMS-0118-UDFS(6); ECMS-0127-URD(2); T2S-0859-SYS(11); T2S-0843-SYS(6); T2S-0854-SYS(6); T2S-0798-URD(2)
sese.027.001,sese.027.001.07,sese.027.001.09,ECMS; T2S,2,38,ECMS-0119-UDFS(11); ECMS-0120-UDFS(11); ECMS-0118-UDFS(6); ECMS-0127-URD(2); T2S-0859-SYS(11); T2S-0843-SYS(6); T2S-0854-SYS(6); T2S-0798-URD(2)
sese.028.001,sese.028.001.10,sese.028.001.12,T2S,1,54,T2S-0859-SYS(11); T2S-0843-SYS(6); T2S-0854-SYS(6); T2S-0798-URD(2)
sese.029.001,sese.029.001.06,sese.029.001.07,T2S,1,20,T2S-0859-SYS(11); T2S-0843-SYS(6); T2S-0854-SYS(6); T2S-0798-URD(2)
sese.030.001,sese.030.001.09,sese.030.001.10,T2S,1,27,T2S-0859-SYS(11); T2S-0843-SYS(6); T2S-0854-SYS(6); T2S-0798-URD(2)
sese.031.001,sese.031.001.09,sese.031.001.11,T2S,1,25,T2S-0859-SYS(11); T2S-0843-SYS(6); T2S-0854-SYS(6); T2S-0798-URD(2)
sese.032.001,sese.032.001.11,sese.032.001.13,T2S,1,95,T2S-0859-SYS(11); T2S-0843-SYS(6); T2S-0854-SYS(6); T2S-0798-URD(2)
